Orbit,,E_sched [m],N_work^,_work^,_crit,t_grav/t_crit,"res. (w,c)",N range
c1_circ100_polar,1.00,60.7,106,0.213,0.356,1.01,"n,n",60-250
,1.10,30.9,126,0.932,0.699,1.37,"n,n",70-280
,1.20,36.7,132,0.258,0.589,1.57,"n,n",80-290
,1.30,17.6,142,1.685,1.229,1.94,"n,n",80-290
,1.50,20.8,162,0.549,1.038,2.15,"n,n",90-290
c2_50x300_polar,1.00,846.1,123,0.032,0.015,0.55,"y,y",60-250
,1.10,203.5,140,0.021,0.062,0.65,"y,y",70-280
,1.20,96.9,155,0.193,0.130,0.80,"y,y",80-290
,1.30,51.2,166,0.179,0.247,0.88,"n,n",80-290
,1.50,23.2,190,0.289,0.545,1.10,"n,n",90-290
c3_50x300_i60,1.00,85.8,117,0.341,0.063,0.47,"n,n",60-250
,1.10,16.9,134,0.321,0.319,0.58,"n,n",70-280
,1.20,60.8,148,0.287,0.089,0.61,"n,y",80-290
,1.30,7.5,158,0.449,0.721,0.76,"n,n",80-290
,1.50,26.8,181,0.196,0.201,0.93,"n,n",90-290
c4_50x300_i5,1.00,13.4,169,1.750,0.983,0.91,"n,n",60-250
,1.10,38.1,197,0.543,0.345,1.04,"n,n",70-280
,1.20,53.8,209,0.156,0.244,1.15,"y,n",80-290
,1.30,21.9,215,0.389,0.601,1.38,"n,n",80-290
,1.50,3.0,225,5.617,4.316,1.25,"n,n",90-290
c5_100x300_polar,1.00,139.5,77,0.136,0.040,0.70,"n,y",60-250
,1.10,147.1,89,0.101,0.038,0.93,"y,y",70-280
,1.20,25.0,97,0.106,0.222,0.94,"n,n",80-290
,1.30,8.0,103,0.725,0.692,0.98,"n,n",80-290
,1.50,18.3,117,1.409,0.303,1.22,"n,n",90-290
c6_lro_30x216,1.00,28.6,173,1.386,0.359,0.59,"n,n",60-250
,1.10,26.0,199,1.423,0.396,0.74,"n,n",70-280
,1.20,12.5,216,1.343,0.819,0.84,"n,n",80-300
,1.30,7.4,236,0.884,1.381,0.98,"n,n",80-330
,1.50,4.3,274,1.504,2.373,1.28,"n,n",90-380
lhs_00,1.00,133.9,88,0.189,0.048,0.70,"y,y",60-250
,1.10,74.1,102,0.143,0.086,0.82,"y,y",70-280
,1.20,77.4,111,0.195,0.083,0.88,"y,y",80-290
,1.30,7.3,119,0.819,0.879,0.97,"n,n",80-290
,1.50,47.9,135,0.046,0.134,1.19,"n,n",90-290
lhs_01,1.00,153.1,72,0.017,0.093,0.76,"n,n",60-250
,1.10,54.0,82,0.837,0.265,0.90,"n,n",70-280
,1.20,14.2,92,0.836,1.005,0.98,"n,n",80-290
,1.30,12.8,97,0.494,1.114,1.11,"n,n",80-290
,1.50,13.7,110,0.623,1.047,1.33,"n,n",90-290
lhs_02,1.00,96.4,171,0.240,0.130,0.62,"y,y",60-250
,1.10,182.0,198,0.062,0.069,0.75,"y,y",70-280
,1.20,25.9,216,0.120,0.484,0.87,"n,n",80-300
,1.30,52.2,237,0.070,0.241,1.03,"y,n",80-330
,1.50,40.5,274,0.042,0.310,1.39,"n,n",90-380
lhs_03,1.00,255.8,71,0.019,0.013,0.70,"y,y",60-250
,1.10,10.1,81,1.863,0.319,0.83,"n,n",70-280
,1.20,37.3,90,0.106,0.086,0.91,"y,y",80-290
,1.30,21.1,95,0.842,0.152,0.97,"n,n",80-290
,1.50,39.4,108,0.179,0.081,1.18,"n,n",90-290
lhs_04,1.00,183.3,106,0.191,0.074,0.42,"y,y",60-250
,1.10,62.8,122,0.338,0.215,0.45,"y,y",70-280
,1.20,21.0,134,1.081,0.643,0.49,"n,n",80-290
,1.30,12.3,143,0.461,1.099,0.55,"n,n",80-290
,1.50,7.1,163,0.923,1.903,0.67,"n,n",90-290
lhs_05,1.00,218.3,147,0.047,0.012,0.47,"y,y",60-250
,1.10,19.2,171,2.076,0.139,0.54,"n,n",70-280
,1.20,18.3,185,0.350,0.146,0.59,"n,n",80-300
,1.30,6.7,200,1.586,0.400,0.67,"n,n",80-330
,1.50,28.2,232,0.314,0.095,0.91,"n,n",90-380
lhs_06,1.00,79.9,89,0.550,0.055,0.59,"n,y",60-250
,1.10,81.1,103,0.201,0.055,0.71,"y,y",70-280
,1.20,37.9,112,0.160,0.117,0.77,"n,n",80-290
,1.30,20.6,119,0.835,0.216,0.85,"n,n",80-290
,1.50,31.3,136,0.141,0.142,1.02,"n,n",90-290
lhs_07,1.00,482.7,115,0.031,0.027,0.48,"y,y",60-250
,1.10,218.3,132,0.174,0.060,0.51,"y,y",70-280
,1.20,45.9,144,2.362,0.287,0.58,"n,n",80-300
,1.30,38.1,155,0.679,0.347,0.65,"n,n",80-330
,1.50,23.6,177,0.168,0.559,0.80,"n,n",90-380
lhs_08,1.00,173.9,111,0.114,0.062,0.73,"y,y",60-250
,1.10,5.3,129,3.940,2.036,0.86,"n,n",70-280
,1.20,38.6,140,0.240,0.278,0.95,"y,y",80-290
,1.30,20.2,151,0.193,0.532,1.06,"y,n",80-290
,1.50,14.5,172,0.257,0.741,1.32,"n,n",90-290
lhs_09,1.00,45.8,105,0.218,0.294,0.61,"n,n",60-250
,1.10,23.8,120,0.153,0.566,0.66,"n,n",70-280
,1.20,37.5,131,0.273,0.360,0.75,"n,n",80-290
,1.30,29.4,141,0.389,0.460,0.92,"n,n",80-290
,1.50,9.7,160,1.821,1.389,1.05,"n,n",90-290
lhs_10,1.00,457.7,154,0.138,0.012,0.69,"y,y",60-250
,1.10,59.0,179,0.410,0.093,0.90,"n,n",70-280
,1.20,39.1,195,0.326,0.140,1.00,"n,n",80-300
,1.30,41.6,212,0.086,0.131,1.08,"n,n",80-330
,1.50,29.3,245,0.384,0.186,1.34,"n,n",90-380
lhs_11,1.00,119.4,74,0.111,0.056,0.58,"y,y",60-250
,1.10,47.3,85,0.500,0.142,0.70,"y,y",70-280
,1.20,24.4,94,0.184,0.275,0.76,"n,n",80-290
,1.30,27.4,99,0.043,0.245,0.80,"y,n",80-290
,1.50,20.5,112,0.468,0.328,1.02,"n,n",90-290
lhs_12,1.00,154.5,83,0.128,0.056,0.63,"y,y",60-250
,1.10,37.6,96,0.145,0.231,0.74,"n,n",70-280
,1.20,38.6,104,0.106,0.225,0.84,"n,n",80-290
,1.30,11.5,111,2.975,0.753,0.97,"n,n",80-290
,1.50,3.0,127,6.387,2.936,1.24,"n,n",90-290
lhs_13,1.00,105.3,92,0.106,0.133,0.78,"y,y",60-250
,1.10,64.5,107,0.073,0.218,0.87,"y,y",70-280
,1.20,22.3,116,0.579,0.630,1.00,"n,n",80-290
,1.30,11.5,124,1.278,1.223,1.08,"n,n",80-290
,1.50,34.1,140,0.035,0.412,1.30,"n,n",90-290
lhs_14,1.00,75.6,99,0.839,0.084,0.71,"n,y",60-250
,1.10,115.1,115,0.310,0.055,0.88,"y,y",70-280
,1.20,49.3,124,0.788,0.129,1.11,"n,y",80-290
,1.30,6.1,134,1.228,1.038,1.14,"n,n",80-290
,1.50,4.7,151,2.280,1.352,1.34,"n,n",90-290
lhs_15,1.00,46.7,123,0.372,0.112,0.64,"n,n",60-250
,1.10,49.4,140,0.331,0.106,0.72,"y,y",70-280
,1.20,2.5,153,3.760,2.075,0.81,"n,n",80-290
,1.30,45.9,166,0.119,0.114,0.91,"n,n",80-290
,1.50,11.7,191,0.059,0.445,1.15,"n,n",90-290
lhs_16,1.00,101.8,73,0.107,0.170,0.82,"y,y",60-250
,1.10,47.7,84,0.345,0.364,0.97,"y,n",70-280
,1.20,30.7,92,0.788,0.565,1.08,"n,n",80-290
,1.30,32.4,97,0.293,0.535,1.16,"n,n",80-290
,1.50,42.0,111,0.044,0.413,1.37,"n,n",90-290
lhs_17,1.00,384.1,80,0.083,0.061,0.84,"y,y",60-250
,1.10,157.7,93,0.278,0.150,0.94,"y,y",70-280
,1.20,119.7,101,0.252,0.197,1.06,"n,y",80-290
,1.30,13.0,107,0.718,1.816,1.14,"n,n",80-290
,1.50,12.2,122,1.445,1.940,1.38,"n,n",90-290
