item,document,label,claim,artifact,script,campaign,manifest,defined_in
Figure 1,main,fig:spectrum,"Per-coefficient RMS spectrum of GL1800F with power-law fits (upper), and the degree each rule asks for against the empirical one-percent tail budget (lower)",fig_spectrum.pdf,make_figures_r1.py,R1,,chapters/07_results.tex
Figure 2,main,fig:allocation-anatomy,"Allocation anatomy at β=1 on a radially representative design-A orbit: altitude, the degree histories one nominal per-call budget buys, and the displacement each leaves",fig_allocation_anatomy.pdf,make_figures_allocation_anatomy.py,R66,metrics/r66_final_experiment_manifest.json,chapters/08_budget.tex
Figure 3,main,fig:budget-pareto,"Force defect (upper) and seven-day error (lower) against normalized budget β: design medians with p10--p90 bands, grey fractions the unresolved comparisons",budget_pareto.pdf,make_figures_r14.py; rev14_finalize_manifest.py,R14,metrics/r14_final_experiment_manifest.json,chapters/08_budget.tex
Figure 4,main,fig:variational-parity,"Predicted against propagated error ratio ρ _budget on the 128-orbit panel, at equal nominal per-call budget. Inset: the constant-degree comparator's calibration",fig_variational_parity.pdf,make_figures_r19.py; rev42_finalize_manifest.py,R42,metrics/r42_final_experiment_manifest.json,chapters/08_budget.tex
Figure 5,main,fig:allocation-interior,Seven-day error across the five-member allocation family at β=1 under nominal operation counts. The k=0.5 candidate is tested under measured-time matching in Section ref sec:results-span-interior,fig_allocation_interior.pdf,make_figures_r60_interior.py,R60,metrics/r60_final_experiment_manifest.json,chapters/08_budget.tex
Figure 6,main,fig:regime-map,"Gravity-only regime map: the budget-calibrated radial endpoint against its equal-budget constant degree, by population, ceiling-free repropagation, and apolune level of the paired ladder",fig_regime_map_main.pdf,make_figures_r36_regime.py,,,chapters/08_budget.tex
Table 1,main,tab:budget-headline,The equal nominal per-call budget comparison at the declared budget β=1. ρ _budget=E_fix/E_rad is the median of per-orbit ratios and exceeds unity where radial allocation wins. Comparisons failing the resolution rule are reported as undecided,r14_trajectory_pareto_headline_table.tex,rev14_tables.py; rev60_finalize_manifest.py,R60,metrics/r60_final_experiment_manifest.json,chapters/08_budget.tex
Table 2,main,tab:replication,"Three replications of the β=1 comparison, each replacing one element of the primary construction. Denominators are stated per row",(inline),,,,chapters/08_budget.tex
Table 3,main,tab:instrument-ladder,"The four instruments applied to the equal nominal per-call budget comparison at β=1, ordered by how much of the dynamics each carries, over all 64 orbits of each design. Counts are raw metric orderings; the evidential verdicts of Table ref tab:budget-headline apply the resolution criterion of Eq. eqref eq:resolved",r34_instrument_ladder_table.tex,rev34_instrument_ladder.py; rev42_finalize_manifest.py; rev42_instrument_ladder.py,R42,metrics/r42_final_experiment_manifest.json,chapters/08_budget.tex
Table 4,main,tab:measured-time,"Both policies against a constant degree matched on measured gravity-kernel time, over every orbit of each design at β=1; the endpoint rows are the result reported in Section ref sec:budget-trajectories. Counts are resolved comparisons under Eq. eqref eq:resolved; ρ =E_fixed/E_variable, so values above unity favor the variable policy. The time ratio is the comparator's measured smash T_grav over the variable policy's. Both medians are over all 64 orbits of a design; the win counts use only the resolved comparisons",r68_measured_time_summary_table.tex,rev68_finalize_manifest.py; rev68_tables.py,R68,metrics/r68_final_experiment_manifest.json,chapters/08_budget.tex
SFigure S1,supplement,fig:criteria,Truncation criteria against the model-relative empirical reference (log--log),fig_truncation.pdf,make_figures_r1.py,R1,,chapters/supp_calibration_cost.tex
SFigure S2,supplement,fig:pstar-objective,"Dense-altitude calibration objective for the effective tail-budget exponent on GL1800F. The shaded interval is the central 95% range from resampling the deterministic altitude grid; it is a stability diagnostic, not a statistical confidence or gravity-model covariance interval",fig_pstar_objective.pdf,make_figures_supplemental.py,,,chapters/supp_calibration_cost.tex
SFigure S3,supplement,fig:timing,Measured single-thread evaluation time of the serial kernel (median and interquartile range over nine timing blocks),fig_timing.pdf,make_figures_r1.py,R1,,chapters/supp_calibration_cost.tex
SFigure S4,supplement,fig:sobol-confirmatory,"Confirmatory scrambled-Sobol design. Left and center: ordered reference-degree-audited error ratios against work-matched and critical-altitude fixed degrees; the dashed line marks parity. Right: work-matched ratio in the perilune--apolune plane, with marker shape separating inclination regimes. Positive log _10ρ favors the empirical schedule",fig_sobol_confirmatory.pdf,rev10_finalize_manifest.py; rev10_manuscript_assets.py,R10,metrics/r10_final_experiment_manifest.json,chapters/supp_results_detail.tex
SFigure S5,supplement,fig:orbit,"24-hour RMS position error versus truncation degree, 100 km circular polar orbit, at two tolerance settings",fig_orbit_error.pdf,make_figures_r1.py,R1,,chapters/supp_results_detail.tex
SFigure S6,supplement,fig:schedpanels,"Two orbital periods of the eccentric arc: altitude, scheduled degree (ε=10^-3, floor 60), and accepted DOP853 step sizes with switch instants (vertical lines) and rejected-attempt markers",fig_schedule_panels.pdf,make_figures_r1.py,R1,,chapters/supp_orbit_audit.tex
SFigure S7,supplement,fig:switch-aggregate,"Event-aligned accepted-step median and interquartile range (upper panels) and direct rejection probability (lower panels), pooled over all switches and separated by direction and initial phase",fig_switch_aggregate.pdf,make_figures_r3.py,R3,,chapters/supp_orbit_audit.tex
SFigure S8,supplement,fig:longarc-matrix,Seven-day RMS position error for six degree policies across four orbit/orientation controls. The logarithmic scale exposes the severe penalties in both low-perilune polar cases. The apparent narrow gaps are tested under vector tolerances in the main text,fig_longarc_matrix.pdf,make_figures_r3.py,R3,,chapters/supp_orbit_audit.tex
SFigure S9,supplement,fig:sweep,"Dense fixed-degree sweep at the tight tolerance for the reference phase, apolune-start phase, and 60^circ -inclination variant of the 50× 300 km orbit. (a) Seven-day RMS position error against the N=300 reference. (b) Final in-track error. (c) Measured gravity-kernel time. (d) Coherence |overline a_I|/RMS(a_I) of the omitted-band acceleration projected on the reference trajectory's in-track direction; the overbar is the time average over the seven-day output grid",fig_degree_sweep.pdf,make_figures_r3.py,R3,,chapters/supp_orbit_audit.tex
SFigure S10,supplement,fig:growth,Position-error envelopes over the tested 7-day arc (tight tolerance). Scheduled runs grow superlinearly; the tested fixed-degree errors remain at the tens-of-meters scale over this finite arc,fig_longarc_growth.pdf,make_figures_r1.py,R1,,chapters/supp_orbit_audit.tex
SFigure S11,supplement,fig:symplectic-switch,"One-revolution PEFRL energy control. Fixed-degree energy remains at the numerical floor, whereas changing the truncation creates persistent energy steps (vertical dotted lines). Step halving leaves their magnitude essentially unchanged",fig_symplectic_switch.pdf,rev4_robustness_controls.py,R4,,chapters/supp_robustness_detail.tex
SFigure S12,supplement,fig:atallah-benchmark,"The published radial-adaptive rule against both fixed comparators, design A (circles) and design B (triangles). (a) Seven-day error ratios in ascending order; filled markers are comparisons the envelope rule resolves, open markers those it does not. (b) The resolution margin M_res of every matched-work pair against its error gap, arrows showing where the third-tolerance retest moved the 24 contested orbits. (c) The truncation acceleration defect of the rule against that of its work-matched fixed degree, one point per orbit",fig_atallah_benchmark.pdf,make_figures_r13.py; rev13_finalize_manifest.py,R13,metrics/r13_final_experiment_manifest.json,chapters/supp_atallah.tex
SFigure S13,supplement,fig:beta1-per-orbit,"Equal-budget comparison at β=1: per-orbit ratio of constant-degree to budget-calibrated radial seven-day error, sorted within each design. Bars below unity favor the constant degree; gray bars are undecided under the orbit's numerical envelope",fig_beta1_per_orbit.pdf,make_figures_r34.py; rev35_finalize_manifest.py,R35,metrics/r35_final_experiment_manifest.json,chapters/supp_budget_pareto.tex
SFigure S14,supplement,fig:instrument-ladder,"The four instruments, one point per orbit, both designs pooled; the pooling is a display choice for an instrument comparison, not a population count, and per-design counts are in Table mainref tab:instrument-ladder. Bars are medians; the count above each column is the number of orbits, over the 128-orbit panel, on which that instrument favors the radial policy",fig_instrument_ladder.pdf,make_figures_r34.py; make_figures_r42_ladder.py; rev42_finalize_manifest.py,R42,metrics/r42_final_experiment_manifest.json,chapters/supp_budget_pareto.tex
SFigure S15,supplement,fig:regime-map-full,"The regime map of Fig. mainref fig:regime-map with every cell's resolved win--loss count printed, the three angle-restricted sub-box rows drawn, and the exploratory work-matched comparison added as panel (b). Colour scale, cell states and marks are the main text's",fig_regime_map.pdf,make_figures_r36_regime.py; rev35_finalize_manifest.py,R35,metrics/r35_final_experiment_manifest.json,chapters/supp_budget_pareto.tex
SFigure S16,supplement,fig:span-curve,"The interpolation path at the critical degree's own nominal per-call budget (β=1), plotted against the degree span each member actually runs; the other two budgets are tabulated rather than drawn. Upper: median seven-day position error with the interquartile band, open circles marking the two endpoints, the equal-budget constant degree at span 1 and the budget-calibrated radial endpoint at the right. Lower: realized total quadratic work relative to the constant degree. Neither endpoint is a recommendation of the source paper",fig_span_curve.pdf,make_figures_r20.py,R20,metrics/r20_final_experiment_manifest.json,chapters/supp_span_sweep.tex
STable S1,supplement,tab:shtools,"Field-level acceleration comparison against SHTOOLS, pooled over 30, 100, and 500 km and including near-pole points. Values are maximum relative differences except the RMS column",(inline),,,,chapters/06_qualification.tex
STable S2,supplement,tab:tudat-contract,"Reproducibility contract of the Tudat--Lunaris comparison. The SPICE kernel set is naif0012.tls, pck00011.tpc, gm_de440.tpc, de440s.bsp, moon_de440_250416.tf, moon_pa_de440_200625.bpc (file hashes in the archived provenance records)",(inline),,,,chapters/06_qualification.tex
STable S3,supplement,tab:tudat-resolution,"Three-resolution Tudat RK4 controls (5, 2.5, and 1.25 s) on the common 60-s comparison grid. Altitude, latitude, and 10-degree longitude-bin coverage are measured from the propagated trajectories",(inline),,,,chapters/06_qualification.tex
STable S4,supplement,tab:populations,"The population-level orbit families by declared sub-box, 64 orbits each except the paired ladder, which is two blocks of 64 at apolunes of 300, 600, 1200 and 2400 km",(inline),,,,chapters/supp_experiment_contract.tex
STable S7,supplement,tab:tolerance-contracts,"Integration-tolerance regimes and the results quoted from each. Absolute tolerances are scalar unless a position/velocity pair is given, in which case they are component-scaled vectors. Numbers taken under different regimes are not directly comparable in absolute value; each regime is internally consistent because every policy in it is differenced against a reference propagated under the same settings",(inline),,,,chapters/supp_experiment_contract.tex
STable S8,supplement,tab:verif,"Verification of the per-degree acceleration-RMS identity by exact Gauss--Legendre quadrature (nodes n+10 × 2n+12; deviation of the quadrature-to-analytic ratio from unity, worst of two altitudes) and by the Sobol sample-size sequence (vector-form ratio ± standard error)",(inline),,,,chapters/supp_calibration_cost.tex
STable S9,supplement,tab:lookup,"Truncation-degree lookup for GRAIL GL1800F: N_min ^emp from Eq. mainref eq:tail, by altitude, at three discarded-tail budgets",r43_lookup_table.tex,rev35_finalize_manifest.py; rev43_lookup_table.py,R35,metrics/r35_final_experiment_manifest.json,chapters/supp_calibration_cost.tex
STable S10,supplement,tab:criteria,Recommended truncation degree: model-relative empirical reference and closed-form rules. The spectrum-tail columns use the total-vector measure with ε=10^-2; the conventional attenuation-only column uses its distinct threshold f=10^-3. Parenthesized values are deviations from the empirical reference,(inline),,,,chapters/supp_calibration_cost.tex
STable S11,supplement,tab:static-selection,Practical static selections. The compact fit summarizes the empirical trend but does not preserve the budget at every altitude. The safe values are the largest exponents that do not underselect on their stated 5-km grids,review_static_selection_table.tex,review_postprocess.py,,,chapters/supp_calibration_cost.tex
STable S12,supplement,tab:cost-curve,"The kernel cost curve re-measured under both archived protocols at both archived model degrees, on an idle machine, in three sessions. ""model"" is the degree the kernel is instantiated with, N the truncation degree evaluated; times are medians of the per-session medians. The block/per-call column is the median of the three session-wise ratios, the paired statistic the protocol effect should be read from, so it need not equal the quotient of the two displayed medians. ""Session spread"" is the larger of the two protocols' maximum-over-minimum across the three sessions",r23_cost_table.tex,rev23_finalize_manifest.py; rev23_tables.py,R23,metrics/r23_final_experiment_manifest.json,chapters/supp_calibration_cost.tex
STable S13,supplement,tab:transfer-detail,"Empirical minimum degree N^emp and the p_fit proxy at four points of the dimensionless band, at ε=10^-2. Dashes mark the degenerate Earth fields, for which the calibration objective has no interior minimum",r16_transfer_detail_table.tex,rev16_finalize_manifest.py; rev16_tables.py,R16,metrics/r16_final_experiment_manifest.json,chapters/supp_calibration_cost.tex
STable S14,supplement,tab:band,"Normalized band-difference RMS amplitudes (1000 directions per altitude; bootstrap 95% intervals in brackets). Bands are not orthogonal as vectors, so the columns are not additive",(inline),,,,chapters/supp_calibration_cost.tex
STable S15,supplement,tab:localtail,"Degree recommendations from the sampled sphere-RMS criterion and directional tail-amplitude percentiles normalized by the global perturbation RMS (4096 Sobol directions, 10-degree ladder, reference N_max=600), against the analytic spectrum lookup N_min ^emp. Entries "">280"" exceed the tested ladder",(inline),,,,chapters/supp_calibration_cost.tex
STable S16,supplement,tab:transfer,The same calibration on eight coefficient products of five bodies. Per-product fits follow in this section,r16_transfer_table.tex,rev16_finalize_manifest.py; rev16_tables.py,R16,metrics/r16_final_experiment_manifest.json,chapters/supp_results_detail.tex
STable S17,supplement,tab:blend,Physics of four degree-transition policies on a common band. Position error is against fixed N=120. Per-path implementation timings are in the archived record nolinkurl metrics/r10_blend_telemetry.tex,(inline),,,,chapters/supp_results_detail.tex
STable S18,supplement,tab:longarc,"7-day eccentric arc (50× 300 km polar), tight tolerance: position error against the N=300 adopted reference, quadratic gravity-work proxy (fixed N=138 = 1), measured gravity-kernel and total wall time, right-hand-side calls, and switch count. The 7-day integration floor at the baseline tolerance is 150 m RMS; the tight reference run used 103,532 calls and 59.4 s",(inline),,,,chapters/supp_results_detail.tex
STable S19,supplement,tab:reference-degree,"Seven-day N=300 minus N=600 reference-degree control (meters), using vector absolute tolerances of 10^-6 m and 10^-9 m s^-1 and a 60 s maximum step",(inline),,,,chapters/supp_orbit_audit.tex
STable S20,supplement,tab:narrow,"Narrow-gap precision controls. RMS, maximum, and final R/I/C compare each tighter policy run with the tighter N=300 reference. ""Num. env."" is the conservative sum of policy and reference tight-to-tighter RMS differences; it is a numerical sensitivity envelope, not a statistical uncertainty. Final R/I/C is in meters",(inline),,,,chapters/supp_orbit_audit.tex
STable S21,supplement,tab:switch,Per-switch acceleration jump: direction-averaged RMS of |a(120)-a(120-q)| relative to the perturbation RMS (400 directions; bootstrap 95% intervals),(inline),,,,chapters/supp_orbit_audit.tex
STable S22,supplement,tab:switch-telemetry,Direct DOP853 switching telemetry over 2.2 orbital periods. The controlled-ODE validation satisfies n_rm RHS=2+12n_rm attempts and n_rm attempts=n_rm accepted+n_rm rejected exactly,(inline),,,,chapters/supp_orbit_audit.tex
STable S23,supplement,tab:robustness,"Seven-day robustness controls: Cartesian RMS position error against the same-solver, same-force N=300 reference. Dashes denote policies not run in the solver-only comparison. The final column is a diagnostic, not an uncertainty bar",(inline),,,,chapters/supp_robustness_detail.tex
STable S24,supplement,tab:lro-accuracy,"LRO-like seven-day accuracy controls against the same-force N=300 reference. R/I/C are signed final radial, in-track, and cross-track components",(inline),,,,chapters/supp_robustness_detail.tex
STable S25,supplement,tab:lro-cost,LRO-like computational controls. ⟨ N^2⟩ -matched fixed degrees are the nearest integers to sqrt ⟨ N^2⟩ of the corresponding schedule; measured times are reported independently,(inline),,,,chapters/supp_robustness_detail.tex
STable S26,supplement,tab:geometric-verification,"Seven-day rotating-frame Jacobi-integral control. At a fixed degree the symplectic relative drift |Δ H/H|_max falls cleanly as the step refines from 20 to 2.5 s, DOP853 conserves the integral to sim 10^-10 unaided, and the finest trajectories of the two agree in position to about 0.1 m. Under the N=30--120 switching schedule the symplectic drift stops improving and DOP853 sits at the same level",(inline),,,,chapters/supp_robustness_detail.tex
STable S27,supplement,tab:tudat-dynamic,"Independent TudatPy reproduction of dynamic scheduling: seven-day Cartesian RMS position error against each code's own N=300 reference. ""Cross"" is the same-policy Lunaris--Tudat trajectory difference; ""env."" is Tudat's 30-to-60 s step difference, not the final convergence bound; see Table ref tab:lro-conv. Both implementations recover the same raw policy ranking; the LRO-like absolute magnitudes are further qualified by the three-step convergence study in Table ref tab:lro-conv",(inline),,,,chapters/supp_robustness_detail.tex
STable S28,supplement,tab:lro-conv,"LRO-like Tudat step-convergence. Successive maximum-step differences (RMS position, m) for the N=300 reference and each policy, and the reported magnitude at the 30 s step. The 60-to-30 s column reproduces the ""env."" column of Table ref tab:tudat-dynamic; the 30-to-15 s column shows it collapses under further refinement",(inline),,,,chapters/supp_robustness_detail.tex
STable S29,supplement,tab:sobol-reference-audit,"Confirmatory reference-degree audit, frozen six-orbit primary set. The threshold is the stricter of 5 m and 5% of the smallest interpreted policy error against N=900",r10_truth_audit_table.tex,rev10_manuscript_assets.py,R10,metrics/r10_final_experiment_manifest.json,chapters/supp_sobol_confirmatory.tex
STable S30,supplement,tab:sobol-reference-audit-extended,"Extended reference-degree audit of the four remaining sub-50 km survivors, using the same acceptance rule. All four adopt N=900; the design medians and raw-win counts are unchanged and no new contested case enters the convergence subset",r10_truth_audit_extended_table.tex,rev10_truth_audit_extended_postprocess.py,R10,metrics/r10_final_experiment_manifest.json,chapters/supp_sobol_confirmatory.tex
STable S31,supplement,tab:full64-convergence,Full 64-orbit design-A comparison at position/velocity-split vector tolerance. All 64 orbits were rerun under the vector-tolerance contract and each comparison is decided individually; the resolved and unresolved counts are given per row. ρ >1 favors the schedule,r11_full64_convergence_table.tex,rev11_finalize_manifest.py; rev11_manuscript_tables.py,R11,metrics/r11_final_experiment_manifest.json,chapters/supp_sobol_confirmatory.tex
STable S32,supplement,tab:designB-convergence,"Independent design-B replication (64-orbit scrambled-Sobol coverage design, seed 20260724) at the same vector tolerance",r11_designB_convergence_table.tex,rev11_finalize_manifest.py; rev11_manuscript_tables.py,R11,metrics/r11_final_experiment_manifest.json,chapters/supp_sobol_confirmatory.tex
STable S33,supplement,tab:design-size,The budget comparison re-tallied over leading Sobol prefixes of each coverage design at β = 1. Counts are of resolved comparisons,r59_design_size_table.tex,rev59_design_size.py,R59,metrics/r59_final_experiment_manifest.json,chapters/supp_sobol_confirmatory.tex
STable S34,supplement,tab:atallah-benchmark,"Direct benchmark of the published Atallah radial-adaptive rule citep atallah2022radial on both 64-orbit designs, at the perilune-matched error target. The lower panel records what that match produces at perilune",r12_atallah_combined_table.tex,rev12_atallah_tables.py; rev12_finalize_manifest.py,R12,metrics/r12_final_experiment_manifest.json,chapters/supp_atallah.tex
STable S35,supplement,tab:atallah-verification,"Verification of the Atallah selection rule on JGGRX_1800F (degree 600 verification field), against the acceptance criteria of the source paper. Each cell gives the selected degree N_req(r, ε _a) and the measured worst-case acceleration truncation error of the real field at that degree, over a 13× 24 latitude/longitude grid on the sphere of that altitude. The requirement is that the measured error is below the requested tolerance in every cell; it is met in 28 of 28 cells and violated in 0. Cells marked dagger are saturated at the verification-field degree, where the measured error is identically zero. The bounding property of the source paper's Eq. (29) holds with 0 violations over 48 radius/degree checks, the tightest measured-to-bound ratio being 0.124",r12_atallah_verification_table.tex,rev12_atallah_verification.py; rev12_finalize_manifest.py,R12,metrics/r12_final_experiment_manifest.json,chapters/supp_atallah.tex
STable S36,supplement,tab:atallah-grid,"Grid convergence of the sampled maximum used to set the published rule's tolerance, and it does not converge. The benchmark measures the largest truncation error of a fixed degree over a 25× 48 latitude/longitude sample of the sphere; the table refines that sample to 50× 96 and 100× 192 and gives the relative change of each against the finest grid. The 25× 48 sample falls below the finest by a median 14% and by up to 28%, and refining to 50× 96 removes little of that (12% median, 19% worst). The quantity is therefore a sampled-grid maximum and is called one throughout; it is not a worst case over the sphere and it is not grid-resolved. Its consequence for the benchmark is bounded separately and is negligible, because the selected degree depends on the tolerance through a steeply falling tail sum",r15_atallah_grid_table.tex,rev15_atallah_grid.py; rev15_finalize_manifest.py,R15,metrics/r15_final_experiment_manifest.json,chapters/supp_atallah.tex
STable S37,supplement,tab:atallah-departures,"Where this benchmark differs from the source study's experiment, and the consequence of each difference",(inline),,,,chapters/supp_atallah.tex
STable S38,supplement,tab:atallah-bincontrol,"Bin-resolution control for the Atallah benchmark. For 10 design-A orbits spanning the perilune range, the published rule evaluated at the exact instantaneous radius on every right-hand-side call (cont) is compared with the archived 10-km binned application (bin) at identical tolerance, degree cap, integrator settings, arc and reference. N is the call-weighted mean degree, n_lev the number of distinct degrees used, and n_sw the degree changes seen at right-hand-side samples. w is the ratio of ⟨ N^2⟩ and n_rhs the ratio of right-hand-side calls (cont/bin). E is the seven-day position RMS against the same-tolerance reference; the last column reports whether the two error values are separated by the reference-inclusive envelope rule. Median mutual trajectory difference 0.018 m; median work ratio 0.944",r12_atallah_bincontrol_table.tex,rev12_atallah_bincontrol.py; rev12_finalize_manifest.py,R12,metrics/r12_final_experiment_manifest.json,chapters/supp_atallah.tex
STable S39,supplement,tab:resolution-diagnosis,"Diagnosis of the unresolved matched-work comparisons. M_res = |E_At-E_fix|/(E_num,At+E_num,fix) is the resolution margin, and a comparison resolves at M_res>1. Column ""→ 0 self"" counts the comparisons that would resolve if both policy self-differences were driven to zero, leaving only the reference envelope; it bounds what a more accurate policy integration alone could buy. The stability columns give the median relative change of each policy's measured seven-day error under a one-decade tolerance refinement, a physical truncation signal being tolerance-stable and integration noise not. The last column counts, out of 64, the orbits in which the sign of E_At-E_fix survives that refinement",r13_resolution_diagnosis_table.tex,rev13_finalize_manifest.py; rev13_resolution_diagnosis.py,R13,metrics/r13_final_experiment_manifest.json,chapters/supp_atallah.tex
STable S40,supplement,tab:force-defect,"Integration-noise-free comparison at matched work. Along each orbit's archived reference trajectory, the truncation acceleration defect Δ a = a_N_P-a_N_ref is evaluated for the Atallah degree history and for its work-matched fixed degree at the same 5041 epochs. w is the ratio of the sampled ⟨ N^2⟩ of the two histories (a check that the work match holds on the sampled epochs). The defect ratio is fixed over Atallah, so values above unity favor Atallah. The displacement proxy is the first-order in-track accumulation int _0^T (T-τ ),Δ a_it(τ ),dτ. Every quantity in this table is a deterministic function of the field and the degree histories, so none of it carries integration noise",r13_force_defect_table.tex,rev13_finalize_manifest.py; rev13_force_defect.py,R13,metrics/r13_final_experiment_manifest.json,chapters/supp_atallah.tex
STable S41,supplement,tab:variational-check,"Forced-variational calibration of the matched-work comparison. For each orbit one augmented integration along the reference trajectory gives the linear position response to the measured truncation force defect of three policies. The critical fixed degree is the calibration channel: its predicted and measured seven-day errors are compared directly, since that error is a large, tolerance-stable signal. The Atallah and work-matched predictions are then read on the same footing, and their predicted gap is compared with the measured resolution threshold of the trajectory experiment",r13_variational_check_table.tex,rev13_finalize_manifest.py; rev13_variational_check.py,R13,metrics/r13_final_experiment_manifest.json,chapters/supp_atallah.tex
STable S42,supplement,tab:timing-match,"Measured-time-matched comparator. N_work is the quadratic-proxy comparator of the campaign and N_time the fixed degree whose measured kernel time approximately matches the rule's within the measured timing repeatability, obtained from the measured per-call costs and refined once on the achieved ratio. ""time ratio"" is that achieved gravity-kernel time of the comparator over the rule's, measured serially on an idle machine; repeated runs place this machine's session-to-session drift near 10%, which is the floor on how closely the match can be made. E values are seven-day position RMS at the tight vector tolerance and M_res is the resolution margin. For the design-A 31-km-perilune orbit, both tolerance levels were recomputed consistently at the final comparator degree N=515, and only these corrected runs are reported (nolinkurl metrics/r13_timing_repair.json)",r13_timing_match_table.tex,rev13_finalize_manifest.py; rev13_timing_match.py,R13,metrics/r13_final_experiment_manifest.json,chapters/supp_atallah.tex
STable S43,supplement,tab:cadence-check,"Output-cadence convergence of the force-defect measurement. Every force-level statistic in this paper is taken on the archived 120-s reference grid; on an eccentric arc the perilune passage that dominates the defect lasts only minutes, so the grid is tested in both directions: decimated to 240 and 480 s, and re-propagated at 30 and 10 s. The last two columns give the median and worst per-orbit change of the defect ratio against the 120-s value. Across all cadences and budgets, 1 of the tested orbits change which policy has the smaller defect",r15_cadence_check_table.tex,rev15_cadence_check.py; rev15_finalize_manifest.py,R15,metrics/r15_final_experiment_manifest.json,chapters/supp_budget_pareto.tex
STable S44,supplement,tab:budget-force-pareto-full,"Fixed-budget force-level comparison, full form. The compact version in the main text carries the ordering and the counts; this one adds the median defect magnitudes of both policies, the radial history's mean degree, and the 10--90 percentile spread of the ratio. R_a is the fixed-over-radial defect ratio, so values above unity favor radial allocation. The last row of each block is each orbit's archived accuracy-target operating point at its own measured budget, a design median of a widely varying quantity rather than a fixed cost of radial adaptation. Budget points whose comparator would exceed the adopted reference degree are censored and excluded from that row's statistics",r14_force_pareto_table_full.tex,rev14_finalize_manifest.py; rev14_tables.py,R14,metrics/r14_final_experiment_manifest.json,chapters/supp_budget_pareto.tex
STable S45,supplement,tab:budget-timing-full,"Measured-time budget control, full form. The compact version in the main text carries the matched degree and the two cost ratios; this one adds the critical degree, the comparator the quadratic proxy would have selected, and both errors in meters. N_proxy is the comparator the proxy selects at β=1 and N_time the degree whose measured kernel time approximately matches the radial policy's within the measured timing repeatability. All runs are serial on an idle machine and each configuration is repeated; medians are compared. A pair counts as matched only inside the declared 0.90--1.10 band. ρ = E_fix/E_rad is a raw error ratio; the reference-inclusive resolution rule is not applied to this panel",r14_timing_budget_table_full.tex,rev14_finalize_manifest.py; rev14_timing_budget.py,R14,metrics/r14_final_experiment_manifest.json,chapters/supp_budget_pareto.tex
STable S46,supplement,tab:budget-cap-audit,"Degree-cap audit of the fixed-budget sweep. Wherever the calibrated radial degree reaches the orbit's adopted reference degree its force model is the reference model and its defect vanishes by construction, which flatters the ratio. The table counts how many orbits touch the cap at all, how many are capped enough for the defect to vanish outright (those have no defined ratio and are excluded from medians), the largest arc fraction spent at the cap, and the median defect ratio recomputed on the orbits that never touch it. The direction of every comparison survives; only the magnitude at the highest budgets does not",r14_cap_audit_table.tex,rev14_finalize_manifest.py; rev14_tables.py,R14,metrics/r14_final_experiment_manifest.json,chapters/supp_budget_pareto.tex
STable S47,supplement,tab:budget-cost-bookkeeping,"Does the per-call budget match survive the integrator? The per-call ratio is the realized per-call work on the calls actually made, ⟨ N^2⟩ _A / N_F^2 over right-hand-side samples; the declared match is 1 by construction. The right-hand-side ratio is what the adaptive integrator then does with a changing degree, and the total quadratic work W = sum _RHS N_j^2 is their product per orbit; the medians printed here are taken per column and so need not multiply. A per-call equal-work rule is not an equal-work rule end to end whenever the scheduler changes the call count, and the excess is reported here rather than absorbed",r14_cost_bookkeeping_table.tex,rev14_finalize_manifest.py; rev14_tables.py,R14,metrics/r14_final_experiment_manifest.json,chapters/supp_budget_pareto.tex
STable S48,supplement,tab:budget-variational,"Forced-variational mechanism check at equal budget. Both policies are carried along one shared reference under one gravity gradient, so the predictions differ only through their truncation defects. At β = 1 the comparator degree equals the critical-altitude degree, whose measured error is large and tolerance-stable, so it doubles as the calibration channel: the calibration ratio is its predicted over its measured seven-day RMS error. ρ columns are fixed over radial, so values above unity favor the radial allocation; both are given to two significant figures so that the predicted and measured ratios can be compared where they are small. Errors are in meters",r14_variational_budget_table.tex,rev14_finalize_manifest.py; rev14_variational_budget.py,R14,metrics/r14_final_experiment_manifest.json,chapters/supp_budget_pareto.tex
STable S49,supplement,tab:proxy-form,"The second rung of the instrument ladder scored in three forms, at β=1 over all 64 orbits of each design. mathbf d(t) is the free-propagation displacement of Eq. eqref eq:free-displacement; ⟨ · ⟩ _t is the mean over the arc. Counts are orbits on which the statistic favors the budget-calibrated radial policy, and the median ratio is fixed-over-radial, so values above one favor radial. All three are gradient-free; the propagated arcs are repeated from Table mainref tab:instrument-ladder as their target",r35_proxy_rms_table.tex,rev35_finalize_manifest.py; rev35_proxy_rms.py,R35,metrics/r35_final_experiment_manifest.json,chapters/supp_budget_pareto.tex
STable S50,supplement,tab:panel-extension,"The completed forced-variational panel at β=1. The panel is the highest completed level of the registered chain, and also its last: the panel and the whole record coincide at 128 orbits, and the two rows agree for that reason rather than by cancellation. Sign agreement is over resolved comparisons only, per the scoring amendment. The calibration channel is the predicted over measured error of the constant comparator on the same orbit",r42_panel_extension_table.tex,rev42_finalize_manifest.py; rev42_table.py,R42,metrics/r42_final_experiment_manifest.json,chapters/supp_budget_pareto.tex
STable S51,supplement,tab:gradient-sensitivity,"Gradient-degree sensitivity of the forced variational solve, over 253 sampled epochs of each of the eight orbits' archived reference. δ mathbf G = mathbf G_N_ref - mathbf G_120. The last two columns give the neglected forcing as a fraction of lVert Δ mathbf arVert _rms, for the worse of the two policies: ""typical"" uses the median gradient truncation over the arc, ""worst pairing"" the arc maximum against the arc's RMS displacement, an upper bound whose two factors do not co-occur",r21_gradient_sensitivity_table.tex,rev21_finalize_manifest.py; rev21_gradient_sensitivity.py,R21,metrics/r21_final_experiment_manifest.json,chapters/supp_budget_pareto.tex
STable S52,supplement,tab:gradient-degree-audit,"The gradient degree removed rather than bounded, on a registered stratified subset of the forced-variational panel. ρ is the predicted fixed-to-radial error ratio; the two columns give it with the reference gravity gradient at degree 120, as the panel computes it, and at that orbit's own adopted reference degree. ""res."" is whether the propagated comparison resolves under the reference-inclusive rule. A side change would be a row whose two ratios straddle one; there are none",r39_gradient_degree_table.tex,rev39_finalize_manifest.py; rev39_table.py,R39,metrics/r39_final_experiment_manifest.json,chapters/supp_budget_pareto.tex
STable S53,supplement,tab:fixed-oracle,"Three fixed comparators at β = 1. N_sat is the budget-saturating degree, the largest whose per-call quadratic work fits the budget; N_oracle is the degree that actually minimizes the seven-day error over a declared ladder of offsets below it, found post hoc and not selectable in advance. The seven-day error is not monotone in degree, so these differ. ρ columns are the fixed error over the radial rule's, so values below unity favor the constant degree. The oracle can only improve the fixed side, so it can only strengthen a conclusion that already favors it: the constant degree is the more accurate policy on 14 of 16 orbits against N_sat and 15 of 16 against N_oracle",r15_fixed_oracle_table.tex,rev15_finalize_manifest.py; rev15_tables.py,R15,metrics/r15_final_experiment_manifest.json,chapters/supp_budget_pareto.tex
STable S54,supplement,tab:deployable-calibration,"Budget calibration without the reference arc. The O25 tolerance is found by bisecting on the archived reference trajectory's altitude history, which no operational user has in advance. The two lower rows of each block replace it with information available beforehand: the two-body altitude history implied by the initial state, and the altitude history of an N=40 loose-tolerance pilot arc costing a median 8% of the real run's gravity work. Realized β and the calibration error are measured on the true arc. ρ _budget=E_fix/E_rad, so values below unity favor the constant degree. The verdict is unchanged under every calibration: what foreknowledge of the arc buys is budget adherence, not accuracy",r15_deployable_table.tex,rev15_finalize_manifest.py; rev15_tables.py,R15,metrics/r15_final_experiment_manifest.json,chapters/supp_budget_pareto.tex
STable S55,supplement,tab:budget-trajectory-pareto,"Propagated fixed-budget comparison across the budget grid, for the budget-calibrated radial rule and the constant degree at equal per-call work. ^ddagger marks the registered (O33) grid extensions; the same notation is used throughout",r14_trajectory_pareto_table.tex,rev14_finalize_manifest.py; rev14_tables.py,R14,metrics/r14_final_experiment_manifest.json,chapters/supp_budget_pareto.tex
STable S56,supplement,tab:budget-oracle,"O26 Lagrangian-relaxed reference-path allocation benchmark. At each budget the relaxation N_eta (t)=arg min _N[d(t,N)+eta N^2] is solved along the archived reference trajectory with the multiplier eta bisected to the budget. Over a discrete degree set this recovers only the supported efficient solutions of a multiple-choice allocation problem, so it returns an attainable allocation rather than the constrained minimum, and the penalties (each policy's defect divided by the benchmark's) are conservative. The benchmark reads the reference trajectory and the local reference field at every epoch, so it is a diagnostic rather than a controller, and it speaks only about the instantaneous force defect. Its degree grid is coarse above degree 100 while every policy degree is inserted exactly, which pushes the ratios the same way",r14_oracle_table.tex,rev14_finalize_manifest.py; rev14_tables.py,R14,metrics/r14_final_experiment_manifest.json,chapters/supp_budget_pareto.tex
STable S57,supplement,tab:campaign-cost,"Estimated single-threaded gravity-kernel time at the declared budget, by campaign size. Per-arc cost is each orbit's realized total quadratic work priced at the rate measured in the controlled timing session; medians are over all 128 orbits of the two coverage designs. Columns are rounded independently from the full-resolution record, so the printed difference of two columns need not reproduce the printed third",r40_campaign_cost_table.tex,rev35_finalize_manifest.py; rev40_campaign_cost_table.py,R35,metrics/r35_final_experiment_manifest.json,chapters/supp_budget_pareto.tex
STable S58,supplement,tab:span-by-k,"The continuation family member by member, at every declared budget. Span, error and the two cost ratios are medians over the design; ""best on"" counts the orbits on which that member has the lowest measured error, so the column sums to the design size. Work ratios are relative to the constant endpoint of the same budget. Endpoint rows are the archived budget campaign, not re-propagated",r18_by_k_table.tex,rev22_finalize_manifest.py; rev22_supplement_tables.py,R22,metrics/r22_final_experiment_manifest.json,chapters/supp_span_sweep.tex
STable S59,supplement,tab:span-budget,"The interpolation path, member by member. ""Best k"" is the member with the lowest measured error on the most orbits; span, error and work are medians over the design at that k, with work relative to the constant degree at the same budget. The last column counts orbits on which the best interior member resolves against both endpoints, under the nominal per-call accounting",r18_budget_table.tex,rev18_finalize_manifest.py,R18,metrics/r18_final_experiment_manifest.json,chapters/supp_span_sweep.tex
STable S60,supplement,tab:midpoint,"The post-hoc midpoint β=0.62 under both definitions of an equal budget, on all 64 orbits of each design. Columns match Table ref tab:equal-work. This budget is not on the frozen calibration grid and is not pre-registered; it is reported here rather than in the main table so that registered and post-hoc points are not shown at equal standing",r28_midpoint_table.tex,rev28_finalize_manifest.py; rev28_tables.py,R28,metrics/r28_final_experiment_manifest.json,chapters/supp_span_sweep.tex
STable S61,supplement,tab:threshold-sensitivity,"The tight-level realized-work tallies of Section ref sec:equal-work re-counted at three resolution cuts, reported as interior--fixed, on the two confirmatory designs and the six populations carrying the post-hoc budget. The scoring-tolerance rematch of Section ref sec:equal-work-tighter, which Table ref tab:equal-work reports, is a separate campaign and is not re-counted here. Nothing is propagated: the errors and envelopes are those already recorded, and only the value of M_res required to call a comparison resolved changes. The rightmost column is the median M_res over that population's 64 comparisons, which says how far the typical comparison sits from any of these cuts",r27_threshold_sensitivity_table.tex,rev25_finalize_manifest.py; rev27_threshold_sensitivity.py,R25,metrics/r25_final_experiment_manifest.json,chapters/supp_span_sweep.tex
STable S62,supplement,tab:ultra-span,"The β=1 realized-work comparison re-run at a third, ultra-tight tolerance level. The panel is every comparison that already resolved plus every one within a factor of two of resolving, fixed before the reruns were made. Errors are taken at the texttt tighter level against the texttt tighter reference; each envelope is rebuilt from the tighter-to-ultra self-difference of that policy and of the reference. M_res is the error difference in units of that envelope, so a value above one is a resolved comparison",r23_ultra_table.tex,rev23_finalize_manifest.py; rev23_tables.py,R23,metrics/r23_final_experiment_manifest.json,chapters/supp_span_sweep.tex
STable S63,supplement,tab:span-oracle,"The interior member (k=0.5) at β=1 against two constant comparators on the 16-orbit oracle panel: the nominated budget-saturating degree, and the best degree available under the same budget over the pre-declared ladder. Counts are per-orbit comparisons that clear the summed reference-inclusive envelope; ""unres."" counts those that do not; ρ is the median of the per-orbit ratios of the comparator's error to the interior member's. The oracle is a post-hoc lower envelope, not a policy",r23_oracle_table.tex,rev23_finalize_manifest.py; rev23_tables.py,R23,metrics/r23_final_experiment_manifest.json,chapters/supp_span_sweep.tex
STable S64,supplement,tab:oracle-ultra,"The oracle panel re-run at the third tolerance level. Errors are the texttt tighter-level errors of Table ref tab:span-oracle and do not move; each envelope is rebuilt from that policy's tighter-to-ultra self-difference plus the reference's. ""unres."" counts comparisons that do not clear the summed envelope. A flip is a resolved verdict reversing its winner; a comparison passing from undecided to resolved is not a flip",r24_oracle_ultra_table.tex,rev24_finalize_manifest.py; rev24_tables.py,R24,metrics/r24_final_experiment_manifest.json,chapters/supp_span_sweep.tex
STable S65,supplement,tab:bin-control-budget,"The bin-resolution control at the budget-calibrated point, on the ten resolved β=1 comparisons of widest degree span. Every parameter of the interior member is held at its archived value; only the quantization is removed. A reversal is a resolved verdict changing its winner; lost resolution is a resolved comparison falling below the summed envelope",r24_bin_control_table.tex,rev24_finalize_manifest.py; rev24_tables.py,R24,metrics/r24_final_experiment_manifest.json,chapters/supp_span_sweep.tex
STable S66,supplement,tab:equal-work,The interior member (k=0.5) against the constant degree under two equal-budget definitions. Counts are resolved comparisons and ρ the median per-orbit fixed-to-interior ratio over all 64 orbits,r44_equal_work_table.tex,rev44_finalize_manifest.py; rev44_tables.py,R44,metrics/r44_final_experiment_manifest.json,chapters/supp_span_sweep.tex
STable S67,supplement,tab:bracket-shift,"The crossing bracket of each row under the two matching conventions, the two confirmatory designs included. Daggered brackets rest on at least one boundary cell",r61_bracket_shift_table.tex,rev61_finalize_manifest.py; rev61_tables.py,R61,metrics/r61_final_experiment_manifest.json,chapters/supp_span_sweep.tex
STable S68,supplement,tab:equal-work-tighter-ext,"Every registered cell of the extended rematch, the tight-level tally beside the scoring-tolerance one. Daggered cells are boundary cells under the resolution cut",r61_equal_work_table.tex,rev61_finalize_manifest.py; rev61_tables.py,R61,metrics/r61_final_experiment_manifest.json,chapters/supp_span_sweep.tex
STable S69,supplement,tab:accounting-ladder,"The three cost accountings for the interior members, interior--constant resolved comparisons with undecided in parentheses. A dash is a cell never propagated. The population columns are per design because the registration of the measured-time row reports each design separately",r65_accounting_ladder_table.tex,make_accounting_ladder_table.py; rev65_finalize_manifest.py,R65,metrics/r65_final_experiment_manifest.json,chapters/supp_span_sweep.tex
STable S70,supplement,tab:apolune-posthoc,"Post-hoc apolune stratification of the (O60) interior arm. Registered outcomes are per design; this cut was made after the result and is a diagnostic, not a geometry claim",r68_apolune_posthoc_table.tex,rev68_finalize_manifest.py; rev68_tables.py,R68,metrics/r68_final_experiment_manifest.json,chapters/supp_span_sweep.tex
STable S71,supplement,tab:band-misses,"The (O59) and (O60) cells outside the prescribed 0.95--1.05 time-match band. Registered as reportable, not as excludable: all ten stay in the primary tallies",r68_band_table.tex,rev68_finalize_manifest.py; rev68_tables.py,R68,metrics/r68_final_experiment_manifest.json,chapters/supp_span_sweep.tex
STable S72,supplement,tab:designC-ladder,"The third coverage design, budget by budget, in the columns the first two designs are reported in. The two rows of each budget are the nominal per-call and the realized total quadratic work accountings. Counts are resolved comparisons under the reference-inclusive resolution rule; ρ is the median per-orbit error ratio",r29_designC_table.tex,rev29_finalize_manifest.py; rev29_tables.py,R29,metrics/r29_final_experiment_manifest.json,chapters/supp_designC.tex
STable S73,supplement,tab:three-design,"The three coverage designs side by side on the frozen budget grid, realized total quadratic work. Entries absent on a design are budgets that design has not propagated; they are left blank rather than interpolated",r29_three_design_table.tex,rev29_finalize_manifest.py; rev29_tables.py,R29,metrics/r29_final_experiment_manifest.json,chapters/supp_designC.tex
STable S74,supplement,tab:strata-panel,"The propagated strata at the declared budget, realized total quadratic work and the nominal per-call budget it is matched on. Counts are resolved comparisons under the reference-inclusive resolution rule. The coverage designs are reported in Sections ref sec:span-sweep, ref sec:designC and the main text; a stratum's sub-box lies inside their box, so the two are read side by side and never summed",r30_population_table.tex,,R30,metrics/r30_final_experiment_manifest.json,chapters/supp_strata.tex
STable S75,supplement,tab:operational-cap-control,"The endpoint comparison with the ceiling at the adopted reference degree and with it lifted, decomposed by whether the capped run's schedule reached the ceiling on that orbit. Each pair is the same 64 orbits under the two reference degrees. ρ is the median per-orbit fixed-to-radial error ratio over all orbits of the block; ""work"" is the median realized total quadratic work of the radial endpoint over that of the constant degree, so a value above one means the radial side spent more. Only the two budgets where the ceiling binds on more than a handful of orbits carry a decomposition",r38_uncapped_table.tex,rev38_tables.py,,,chapters/supp_operational.tex
STable S76,supplement,tab:endpoint-equal-work,"The radial endpoint against a constant degree matched on realized total quadratic work rather than nominal per-call work. ρ is the median per-orbit work-matched-to-radial error ratio, so above one favors the radial endpoint",r58_endpoint_equal_work_table.tex,rev58_finalize_manifest.py; rev58_tables.py,R58,metrics/r58_final_experiment_manifest.json,chapters/supp_operational.tex
STable S77,supplement,tab:operational-panel,"The operational elliptical population at the declared budget, in the columns every other population is reported in. Perilune 80--120 km, apolune 700--2500 km, eccentricity 0.145--0.395: outside the frozen factor box the coverage designs sample, which the asterisked row alone in this paper marks. The coverage designs are repeated below the rule for reference and are not pooled with it",r31_population_table.tex,,R31,metrics/r31_final_experiment_manifest.json,chapters/supp_operational.tex
STable S78,supplement,tab:ladder-geometry,"What the apolune carries with it, by level, over the ladder's two identity blocks together. The revolution count is the seven-day horizon divided by the period",r50_ladder_geometry_table.tex,rev50_ladder_geometry.py,,,chapters/supp_span_ladder.tex
STable S79,supplement,tab:span-ladder-primary,"The allocation response along the paired apolune ladder. (a) Radial endpoint against its equal-budget constant degree, by apolune level and budget; orbit counts are per cell, as a range where the levels in a column differ, and turnover is the level pair the verdict changes between. (b) Interior member against a work-matched constant degree, in the same cells",r50_span_ladder_primary_table.tex; r50_span_ladder_secondary_table.tex,,,,chapters/supp_span_ladder.tex
STable S80,supplement,tab:capped-vs-uncapped,"The span ladder under its reference-degree ceiling and with the ceiling removed, block A. Bold marks the one cell that changes hands",r51_capped_vs_uncapped_table.tex,rev51_tables.py,,,chapters/supp_span_ladder.tex
STable S81,supplement,tab:block-replication,"The two identity blocks with the reference-degree ceiling removed, level by level and budget by budget",r52_block_replication_table.tex,rev52_tables.py,,,chapters/supp_span_ladder.tex
STable S82,supplement,tab:ladder-interior-rematch,"The ladder's interior panel with the comparator matched at the scoring tolerance, per apolune level and never pooled across levels. Daggered cells are cut-sensitive",r62_ladder_interior_table.tex,rev62_finalize_manifest.py; rev62_tables.py,R62,metrics/r62_final_experiment_manifest.json,chapters/supp_span_ladder.tex
STable S83,supplement,tab:ladder-uncapped-rematch,"The ceiling-free ladder's interior panel under the scoring-tolerance match, per apolune level and never pooled across levels",r63_ladder_uncapped_table.tex,rev63_finalize_manifest.py; rev63_tables.py,R63,metrics/r63_final_experiment_manifest.json,chapters/supp_span_ladder.tex
STable S84,supplement,tab:jgcd-cross-solution,"The budget comparison at β = 1 under one set of definitions, on two GRAIL solutions produced independently from shared tracking data. The primary-field rows are the archived populations re-scored with the campaign's statistic, not transcribed from the archived summaries",rJ_table_cross_solution.tex,revJ_tables.py,J,metrics/rJ_final_experiment_manifest.json,chapters/supp_jgcd_replication.tex
STable S85,supplement,tab:jgcd-cross-solution-medians,Median ratios for the same three populations. ρ _F < 1 means the radial allocation has the smaller force defect; ρ _X > 1 means it has the larger trajectory error,rJ_table_cross_solution_medians.tex,revJ_tables.py,J,metrics/rJ_final_experiment_manifest.json,chapters/supp_jgcd_replication.tex
STable S86,supplement,tab:jgcd-budget-grid,"Force-metric ranking against budget on both gravity solutions. ""wins"" counts orbits on which the radial rule has the smaller defect. A budget is censored where a policy reaches the adopted reference degree and its defect is identically zero, so the uncensored count falls as the budget rises",rJ_table_budget_grid_both.tex,revJ_tables.py,J,metrics/rJ_final_experiment_manifest.json,chapters/supp_jgcd_replication.tex
STable S87,supplement,tab:jgcd-budget-ladder,"The two metrics on the same population of the cross-solution field, budget by budget. The force metric reverses across the grid; the trajectory metric does not. Counts are over the resolved comparisons",rJ_table_budget_ladder.tex,revJ_tables.py,J,metrics/rJ_final_experiment_manifest.json,chapters/supp_jgcd_replication.tex
STable S88,supplement,tab:jgcd-budget-ladder-primary,"The same ladder on the primary solution, pooled over both confirmatory designs and re-scored from archived trajectories with no new integration. The pooling is one of the two the paper allows: these counts measure what the censor removes rather than rank the policies, whose design-separated verdicts are in Table ref tab:budget-trajectory-pareto. Rows differ from 2× 64 because the censor described above drops a budget wherever the radial schedule reaches the reference degree (JprimCensoredAtCross at β=0.75, JprimCensoredAtUnit at β=1), and design B carries no archived record at β=1.25. Point estimates are at the tighter level where Table ref tab:budget-trajectory-pareto scores at tight",rJ_table_budget_ladder_primary.tex,revJ_ladder_primary.py,J,metrics/rJ_final_experiment_manifest.json,chapters/supp_jgcd_replication.tex
STable S89,supplement,tab:jgcd-full-dynamics,"The budget comparison under DE440/MOON_PA dynamics with third-body gravity and eclipsed SRP, across budgets, population sizes, designs, and the two calibration arms. ""Resolved in both"" counts orbits whose comparison resolves under gravity-only and full dynamics; ""sign agrees"" counts those of them whose trajectory-metric ordering is unchanged. The ""recalibrated"" row is the arm whose accuracy parameter was re-derived on the full-dynamics reference so that it holds the declared budget",rJ_table_full_dynamics.tex,revJ_tables.py,J,metrics/rJ_final_experiment_manifest.json,chapters/supp_jgcd_replication.tex
STable S90,supplement,tab:jgcd-geometry,"The wide-elliptic population under DE440/MOON_PA with third-body gravity and eclipsed SRP. ρ is the median radial-over-constant trajectory-error ratio, so a value below one favors the radial endpoint; it is the reciprocal of the main text's ρ _budget. ""Resolved in both"" counts orbits resolving under gravity-only and full dynamics alike",rJ_geometry_dynamics_table.tex,rev56_tables.py,J,metrics/rJ_final_experiment_manifest.json,chapters/supp_jgcd_replication.tex
STable S91,supplement,tab:jgcd-tolerance,The resolution rule re-applied to each adjacent pair of tolerance levels. ^dagger marks the pair this paper uses,rJ_table_tolerance_designA.tex,,J,metrics/rJ_final_experiment_manifest.json,chapters/supp_jgcd_replication.tex
STable S92,supplement,tab:jgcd-tolerance-strata,"Sign stability across all four tolerance levels, by the margin stratum the orbit was drawn from. M_res < 1 is the region the resolution rule declares undecided and excludes from every reported count",rJ_table_tolerance_strata_designA.tex,,J,metrics/rJ_final_experiment_manifest.json,chapters/supp_jgcd_replication.tex
STable S93,supplement,tab:jgcd-tolerance-B,The same control on the second archived design,rJ_table_tolerance_designB.tex,,J,metrics/rJ_final_experiment_manifest.json,chapters/supp_jgcd_replication.tex
STable S94,supplement,tab:jgcd-tolerance-strata-B,Sign stability by margin stratum on the second archived design,rJ_table_tolerance_strata_designB.tex,,J,metrics/rJ_final_experiment_manifest.json,chapters/supp_jgcd_replication.tex
(not in manuscript),none,,28-day LRO-like (30 216~km polar) fixed-degree versus corrected-blend comparison at position/velocity-split vector tolerance,r11_blend_vector_table.tex,rev11_finalize_manifest.py; rev11_manuscript_tables.py,R11,metrics/r11_final_experiment_manifest.json,
(not in manuscript),none,,"Per-orbit design-B vector-tolerance results, columns as in the design-A per-orbit table",r11_designB_per_orbit_table.tex,rev11_finalize_manifest.py; rev11_manuscript_tables.py,R11,metrics/r11_final_experiment_manifest.json,
(not in manuscript),none,,Per-orbit design-A vector-tolerance results,r11_full64_per_orbit_table.tex,rev11_finalize_manifest.py; rev11_manuscript_tables.py,R11,metrics/r11_final_experiment_manifest.json,
(not in manuscript),none,,"Initial-phase dispersion of the seven-day 50 300~km polar scheduling penalty at position/velocity-split vector tolerance, over 24 initial true anomalies",r11_phase_sweep_table.tex,rev11_finalize_manifest.py; rev11_manuscript_tables.py,R11,metrics/r11_final_experiment_manifest.json,
(not in manuscript),none,,"Direct Atallah radial-adaptive benchmark on the 64-orbit design-A set, perilune-tolerance matched to the critical fixed degree's perilune error target and appli",r12_atallah_benchmark_table.tex,rev12_finalize_manifest.py,R12,metrics/r12_final_experiment_manifest.json,
(not in manuscript),none,,"Direct Atallah radial-adaptive benchmark on the independent design-B set, perilune-tolerance matched to the critical fixed degree's perilune error target and ap",r12_atallah_benchmark_table_designB.tex,rev12_finalize_manifest.py,R12,metrics/r12_final_experiment_manifest.json,
(not in manuscript),none,,"Per-orbit matching record for the Atallah benchmark, design~A",r12_atallah_matching_table_A.tex,rev12_finalize_manifest.py,R12,metrics/r12_final_experiment_manifest.json,
(not in manuscript),none,,"Per-orbit matching record for the Atallah benchmark, design~B",r12_atallah_matching_table_B.tex,rev12_finalize_manifest.py,R12,metrics/r12_final_experiment_manifest.json,
(not in manuscript),none,,"Per-orbit equal-budget comparison at = 1, design~A",r14_beta1_per_orbit_A.tex,rev14_finalize_manifest.py; rev14_tables.py,R14,metrics/r14_final_experiment_manifest.json,
(not in manuscript),none,,"Per-orbit equal-budget comparison at = 1, design~B",r14_beta1_per_orbit_B.tex,rev14_finalize_manifest.py; rev14_tables.py,R14,metrics/r14_final_experiment_manifest.json,
(not in manuscript),none,,Fixed-budget force-level comparison; each cell pairs design~A with design~B so the replication reads across,r14_force_pareto_table.tex,rev14_finalize_manifest.py; rev14_tables.py,R14,metrics/r14_final_experiment_manifest.json,
(not in manuscript),none,,Equal-budget comparison with the budget defined as measured serial gravity-kernel time rather than the quadratic proxy,r14_timing_budget_table_compact.tex,rev14_finalize_manifest.py; rev14_timing_budget.py,R14,metrics/r14_final_experiment_manifest.json,
(not in manuscript),none,,Sixty-day growth by checkpoint (meters),r17_longarc60_growth_table.tex,rev17_finalize_manifest.py; rev17_tables.py,R17,metrics/r17_final_experiment_manifest.json,
(not in manuscript),none,,Sixty-day comparison on the widened geometry set,r17_longarc60_table.tex,rev17_finalize_manifest.py; rev17_tables.py,R17,metrics/r17_final_experiment_manifest.json,
(not in manuscript),none,,"Design~A: seven-day position RMS (m) at the tighter level for each member of the family, by orbit",r18_span_detail_table_A.tex,rev18_finalize_manifest.py,R18,metrics/r18_final_experiment_manifest.json,
(not in manuscript),none,,"Design~B: seven-day position RMS (m) at the tighter level for each member of the family, by orbit",r18_span_detail_table_B.tex,rev18_finalize_manifest.py,R18,metrics/r18_final_experiment_manifest.json,
(not in manuscript),none,,"The same path in numbers, at =1",r18_span_table.tex,rev18_finalize_manifest.py; rev18_tables.py,R18,metrics/r18_final_experiment_manifest.json,
(not in manuscript),none,,"The interior member (k=0.5) against the constant degree under two definitions of an equal budget, at two declared budgets",r19_equal_work_table.tex,rev19_finalize_manifest.py; rev19_tables.py; rev25_finalize_manifest.py,"R19, R25",metrics/r19_final_experiment_manifest.json; metrics/r25_final_experiment_manifest.json,
(not in manuscript),none,,"Sixty-day record of the interpolation family on the eight design-A orbits with an archived sixty-day truth, ordered by perilune",r20_longarc_detail_table.tex,rev22_finalize_manifest.py; rev22_supplement_tables.py,R22,metrics/r22_final_experiment_manifest.json,
(not in manuscript),none,,,r23_oracle_per_orbit_table.tex,rev23_finalize_manifest.py; rev23_tables.py,R23,metrics/r23_final_experiment_manifest.json,
(not in manuscript),none,,,r28_equal_work_table.tex,rev28_finalize_manifest.py; rev28_tables.py,R28,metrics/r28_final_experiment_manifest.json,
(not in manuscript),none,,,r37_panel_extension_table.tex,rev37_finalize_manifest.py; rev37_table.py,R37,metrics/r37_final_experiment_manifest.json,
(not in manuscript),none,,,r48_interior_timing_table.tex,rev48_finalize_manifest.py; rev48_tables.py,R48,metrics/r48_final_experiment_manifest.json,
(not in manuscript),none,,,rJ_field_comparison_final_table.tex,,J,metrics/rJ_final_experiment_manifest.json,
(not in manuscript),none,,,rJ_field_comparison_table.tex,,J,metrics/rJ_final_experiment_manifest.json,
(not in manuscript),none,,,rJ_numbers.tex,revJ_selfcheck.py; revJ_tables.py,J,metrics/rJ_final_experiment_manifest.json,
(not in manuscript),none,,,rJ_table_budget_grid_crossfield.tex,revJ_tables.py,J,metrics/rJ_final_experiment_manifest.json,
(not in manuscript),none,,,rJ_table_cross_solution_wrapped.tex,revJ_tables.py,J,metrics/rJ_final_experiment_manifest.json,
(not in manuscript),none,,,rJ_table_fidelity.tex,revJ_tables.py,J,metrics/rJ_final_experiment_manifest.json,
